ID,prompt,image_description,essay,Overall,TR,CC,LR,GRA
0,"The charts below show the proportions of British students at one university in England who were able to speak other languages in addition to English, in 2000 and 2010.","The image shows two pie charts comparing the percentages of British students able to speak languages other than English in 2000 and 2010. In 2000, 20% spoke no other languages, 15% spoke French only, 10% spoke German only, 30% spoke Spanish only, 15% spoke another language, and 10% spoke two other languages. In 2010, 10% spoke no other languages, 10% spoke French only, 10% spoke German only, 35% spoke Spanish only, 20% spoke another language, and 15% spoke two other languages.","The presented pie charts display information about what percentage of pupils who are British can speak languages other than English in 2000 and 2010.
In general, what remarkably stands out from the pie charts is that in 2010, the ratio of British students who are unable to speak in other languages is lower than that of 2000, although in 2000, the proportion of pupils who can speak only in German is equal to that of 2010. Another striking point is that the percentage of pupils speaking only Spanish is the highest over the same years.
In 2010, the ratio of students who can speak only in French other than English is 5% lower than that of 2000, which was 15%. Considering the proportion of students speaking only in Spanish other than English in 2010 is 35%, which is 5% higher than that of 2000. In 2000 and 2010, the proportion of pupils speaking only in German other than English is the same, 10%.
Regarding the percentage of students speaking another language other than English stood at 15% in 2000, which is 5% lower than that of 2010. With respect to the percentage of pupils who are able to speak two other languages in 2000, 10%, is lower than that of 2010, 15%, whereas in 2000, the proportion of students who were unable to speak in other languages began at 10%, which is twice as much as that of 2010.",6.5,7.5,6,6,6
1,"The plans below show a public park when it first opened in 1920 and the same park today. Summarise the information by selecting and reporting the main features, and make comparisons where relevant.","The image displays two maps of Grange Park showing changes over time, with the top map labeled ""1920"" and the bottom map labeled ""today"". The 1920 map has a symmetrical layout with two rose gardens, a pond for water plants, seats, a stage for musicians, a fountain, and a glasshouse, all accessed from Arnold Avenue and Eldon Street. The current map has an asymmetrical layout with one rose garden, an amphitheater for concerts, a café, a children's play area, a water feature, and additional seats, with an underground car park entrance on Eldon Street.","The plans illustrate how Grange Park appeared when it first opened in 1920 and its current state today.
In 1920, the park featured two main entrances, one from Arnold Avenue and another from Eldon Street. There was a stage for musicians located on the west side and a fountain in the center of the park. The north side housed a pond for water plants, while the east side included a glasshouse. Additionally, the park boasted two rose gardens and numerous seating areas scattered throughout.
Today, the park has undergone significant changes. The musicians’ stage has been transformed into an amphitheater for concerts. The fountain has been replaced by a rose garden, and the pond has been redesigned into a water feature. The glasshouse has been turned into a café, and a children’s play area has been introduced. Furthermore, a new entrance has been created for an underground car park.
Overall, the park now offers more facilities compared to its original design in 1920, with an emphasis on entertainment and convenience.",9,9,9,9,9
2,"The graph shows the proportion of four different materials that were recycled from 1982 to 2010 in a particular country. Summarise the information by selecting and reporting the main features, making comparisons where relevant.","The image shows a line graph titled ""Recycling Rate for Selected Materials: 1982-2010,"" comparing the recycling percentage of four materials over time, with Paper & cardboard starting at 70%, peaking at 80% in 1994 and remaining stable, Glass containers starting at 50%, gradually increasing to 70% by 2010, Aluminium cans starting at 20%, showing a sharp rise to 70% by 1990 and maintaining that level, and Plastics starting at 10%, with a steady increase to 40% by 2010.","The line graph illustrates the percentages of paper and cardboard, glass containers, aluminum cans, and plastics that were recycled in a specific country between 1982 and 2010.
Overall, paper and cardboard observed the highest recycling rates throughout the timeline, while plastics showed the lowest figures. Notably, aluminum cans demonstrated significant growth over the 28 years.
In 1982, about 65% of paper and cardboard was recycled. This figure fluctuated before climbing steeply to peak at 80% in 1994. However, from then on, it dropped steadily to 70% in 2010. In 1982, half of all glass containers were recycled; after falling below 40% in 1990, the glass recycling rate gradually increased to 60% by 2010.
Aluminum cans were first recycled in 1986, starting at about 5%, but this figure increased rapidly over 25 years, and by 2010, it had reached 45%. In contrast, plastic recycling was not introduced until 1990, and although the growth in this category was also steady, it was very slow, rising from about 2% to around 8% over the period.",8,7,8,7,9
3,"The three pie charts below show the changes in annual spending by a particular UK school in 1981, 1991 and 2001. Summarise the information by selecting and reporting the main features, and make comparisons where relevant.","The image depicts three pie charts comparing total school spending in 1981, 1991, and 2001. In 1981, teacher's salaries accounted for 40% of spending, while in 1991, it increased to 50%, and in 2001, it decreased to 45%. Other workers' salaries constituted 28% in 1981, 22% in 1991, and 15% in 2001. Resources (e.g. books) made up 15% in 1981, 20% in 1991, and 9% in 2001. Furniture and equipment represented 15% in 1981, 5% in 1991, and 23% in 2001. Insurance expenses were 2% in 1981, 3% in 1991, and 8% in 2001.","The pie charts provide an overview of the annual spending by a specific UK school in the years 1981, 1991, and 2001.
In 1981, the school allocated the highest portion of its budget, 40%, to teachers’ salaries. Other workers’ salaries constituted 28% of the spending, while resources such as books and furniture/equipment each accounted for 15%. Insurance made up the smallest expenditure at 2%.
By 1991, the spending pattern had shifted. Teachers’ salaries increased to 50%, making it the largest expenditure. The proportion allocated to other workers’ salaries decreased to 22%, while spending on resources (books, etc.) remained stable at 15%. There was a notable reduction in the budget for furniture and equipment, dropping to 5%. Insurance spending rose slightly to 3%.
In 2001, the distribution of the budget changed significantly. Teachers’ salaries, although still the largest category, decreased slightly to 45%. Other workers’ salaries continued to decline, reaching 15%. The expenditure on resources stayed constant at 15%, while spending on furniture and equipment saw a significant increase to 23%. Insurance costs also rose considerably, accounting for 8% of the total budget.
In summary, teachers’ salaries consistently represented the largest share of the school’s budget over the 20-year period, despite some fluctuations. Notable trends include a substantial increase in spending on furniture and equipment by 2001 and a gradual decline in the allocation for other workers’ salaries.",8.5,9,8.5,8.5,8.5
4,The diagram below gives information about stages of the process of producing of olive oil.,"The image illustrates the olive oil production process in seven steps: picking olives from a tree, rinsing with cold water on a conveyor belt, smashing the olives using a machine, transferring the olive paste into bags with holes, pressing the paste with a press to extract oil and olive stones, separating oil from water using a tank, and finally, storing and selling the olive oil in a store.","The given picture illustrates how the olive oil production process takes place.
Looking at the illustration, it is immediately evident that the oil-making procedure is a man-made linear process that requires a combination of both human labor and machines. Additionally, there are a total of seven main steps involved, beginning with the harvesting of olive fruits and culminating in the marketable final products.
In the first step, olives are collected from trees and then washed thoroughly in cold water by a rinsing machine. After which, the olives are transferred through a conveyor belt to be smashed. The smashing machine separates the fruits into paste and stones. Once the classification has been completed, the olive paste is stuffed into perforated bags, and the process continues while the remaining are eliminated.
In step five, the newly packaged bags go through a pressing treat. Following this, these olives are differentiated into water and oil. Having been separated from excess water, the oil is then stored and ready to be sold and used for various purposes. The process ends when the olive oil is delivered to shops where it can be sold.",7,7,7,7,6